form	lemma	pos	morphology
αὐτοῦ	αὐτός	Pp	3s---mg--i
αὐτοὺς	αὐτός	Pp	3p---ma--i
αὐτῆς	αὐτός	Pp	3s---fg--i
αὐτὴν	αὐτός	Pp	3s---fa--i
αὐτήν	αὐτός	Pp	3s---fa--i
ταῦτα	οὗτος	Pd	-p---na--i
αὐτῷ	αὐτός	Pp	3s---md--i
σου	σύ	Pp	2s---pg--i
αὐτῇ	αὐτός	Pp	3s---fd--i
αὐτὸς	αὐτός	Pp	3s---mn--i
αὐτῶν	αὐτός	Pp	3p---mg--i
τοῦτο	οὗτος	Pd	-s---nn--i
ἡμῶν	ἡμεῖς	Pp	1p---pg--i
σύ	σύ	Pp	2s---pn--i
σοῦ	σύ	Pp	2s---pg--i
μου	ἐγώ	Pp	1s---mg--i
μοι	ἐγώ	Pp	1s---md--i
ἐγώ	ἐγώ	Pp	1s---mn--i
σοι	σύ	Pp	2s---pd--i
αὐτό	αὐτός	Pp	3s---na--i
ἐκείναις	ἐκεῖνος	Pd	-p---fd--i
οὗτος	οὗτος	Pd	-s---mn--i
αὐτὸν	αὐτός	Pp	3s---ma--i
αὐτοῖς	αὐτός	Pp	3p---md--i
ὑμῖν	ὑμεῖς	Pp	2p---pd--i
τούτων	οὗτος	Pd	-p---mg--i
ἐγὼ	ἐγώ	Pp	1s---mn--i
ὑμᾶς	ὑμεῖς	Pp	2p---pa--i
μού	ἐγώ	Pp	1s---mg--i
σὺ	σύ	Pp	2s---pn--i
με	ἐγώ	Pp	1s---ma--i
αὐτόν	αὐτός	Pp	3s---ma--i
ἡμῖν	ἡμεῖς	Pp	1p---md--i
οὗτός	οὗτος	Pd	-s---mn--i
οὗτοι	οὗτος	Pd	-p---mn--i
σε	σύ	Pp	2s---pa--i
ταῦτά	οὗτος	Pd	-p---na--i
αὐτούς	αὐτός	Pp	3p---ma--i
αὐτοὶ	αὐτός	Pp	3p---mn--i
ὑμῶν	ὑμεῖς	Pp	2p---pg--i
ἐμοῦ	ἐγώ	Pp	1s---mg--i
Ὑμεῖς	ὑμεῖς	Pp	2p---pn--i
αὐτὸ	αὐτός	Pp	3s---na--i
ὑμεῖς	ὑμεῖς	Pp	2p---pn--i
ἡμεῖς	ἡμεῖς	Pp	1p---pn--i
ἡμᾶς	ἡμεῖς	Pp	1p---pa--i
σοὶ	σύ	Pp	2s---pd--i
αὐτά	αὐτός	Pp	3p---na--i
ἐκείνῃ	ἐκεῖνος	Pd	-s---fd--i
τούτους	οὗτος	Pd	-p---ma--i
τούτῳ	οὗτος	Pd	-s---md--i
ἐκείνης	ἐκεῖνος	Pd	-s---fg--i
σοί	σύ	Pp	2s---pd--i
Ταῦτα	οὗτος	Pd	-p---na--i
αὕτη	οὗτος	Pd	-s---fn--i
ἐκείνην	ἐκεῖνος	Pd	-s---fa--i
Αὐτῶν	αὐτός	Pp	3p---mg--i
αὐτὰ	αὐτός	Pp	3p---na--i
Τούτους	οὗτος	Pd	-p---ma--i
ταύτῃ	οὗτος	Pd	-s---fd--i
ἐμοὶ	ἐγώ	Pp	1s---md--i
ἐμὲ	ἐγώ	Pp	1s---ma--i
ἐμοί	ἐγώ	Pp	1s---md--i
Τούτων	οὗτος	Pd	-p---mg--i
αὐτός	αὐτός	Pd	-s---mn--i
ταύτην	οὗτος	Pd	-s---fa--i
ἐκείνῳ	ἐκεῖνος	Pd	-s---md--i
ταύτης	οὗτος	Pd	-s---fg--i
ἐκείνου	ἐκεῖνος	Pd	-s---mg--i
ἐκείνοις	ἐκεῖνος	Pd	-p---md--i
τούτου	οὗτος	Pd	-s---mg--i
οὗτοί	οὗτος	Pd	-p---mn--i
ἐκεῖνον	ἐκεῖνος	Pd	-s---ma--i
ταύτας	οὗτος	Pd	-p---fa--i
σὲ	σύ	Pp	2s---pa--i
ἐκεῖνα	ἐκεῖνος	Pd	-p---nn--i
ἐκείνων	ἐκεῖνος	Pd	-p---ng--i
ἐμέ	ἐγώ	Pp	1s---ma--i
ἐκεῖνος	ἐκεῖνος	Pd	-s---mn--i
τοῦτον	οὗτος	Pd	-s---ma--i
αὐτοί	αὐτός	Pp	3p---mn--i
ἐκείνους	ἐκεῖνος	Pd	-p---ma--i
ἐκεῖνοι	ἐκεῖνος	Pd	-p---mn--i
ταύταις	οὗτος	Pd	-p---fd--i
ἐκεῖναι	ἐκεῖνος	Pd	-p---fn--i
Ἐκεῖνο	ἐκεῖνος	Pd	-s---na--i
τοῦτό	οὗτος	Pd	-s---nn--i
τοῦτ’	οὗτος	Pd	-s---nn--i
αὐταῖς	αὐτός	Pp	3p---fd--i
ἐκείνη	ἐκεῖνος	Pd	-s---fn--i
ἐκεῖνοί	ἐκεῖνος	Pd	-p---mn--i
Αὐτὸς	αὐτός	Pd	-s---mn--i
ἐκεῖνο	ἐκεῖνος	Pd	-s---nn--i
σέ	σύ	Pp	2s---pa--i
αὐτὴ	αὐτός	Pp	3s---fn--i
αὐτὰς	αὐτός	Pp	3p---fa--i
μοί	ἐγώ	Pp	1s---pd--i
τῇδε	ὅδε	Pd	-s---fd--i
τούτοις	οὗτος	Pd	-p---nd--i
αὗταί	οὗτος	Pd	-p---fn--i
αὐτάς	αὐτός	Pp	3p---fa--i
ἐκεῖνός	ἐκεῖνος	Pd	-s---mn--i
Τοῦτο	οὗτος	Pd	-s---na--i
ἐκεῖναί	ἐκεῖνος	Pd	-p---fn--i
Ταύτην	οὗτος	Pd	-s---fa--i
Ἐγώ	ἐγώ	Pp	1s---mn--i
μέ	ἐγώ	Pp	1s---ma--i
Οὗτός	οὗτος	Pd	-s---mn--i
Τοῦτον	οὗτος	Pd	-s---ma--i
αὐτῇ	οὗτος	Pd	-s---fd--i
Ἡμεῖς	ἡμεῖς	Pp	1p---mn--i
αὗται	οὗτος	Pd	-p---fn--i
τάδε	ὅδε	Pd	-p---na--i
Ἐγὼ	ἐγώ	Pp	1s---mn--i
Ταύτας	οὗτος	Pd	-p---fa--i
ἐγω	ἐγώ	Pp	1s---mn--i
Τούτου	οὗτος	Pd	-s---ng--i
Ἐμοὶ	ἐγώ	Pp	1s---md--i
Αὐτοὶ	αὐτός	Pd	-p---mn--i
Ταῦτά	οὗτος	Pd	-p---na--i
Σὺ	σύ	Pp	2s---mn--i
σού	σύ	Pp	2s---pg--i
Οὗτος	οὗτος	Pd	-s---mn--i
ἐκείνας	ἐκεῖνος	Pd	-p---fa--i
αὐτὴ	οὗτος	Pd	-s---fn--i
τήνδε	ὅδε	Pd	-s---fa--i
